--CLIENTES
INSERT INTO USUARIO (id, username, password, nombre, email, telefono, avatar, account_non_expired, account_non_locked,credentials_non_expired, enabled) VALUES ('1ce9c1c7-7a02-4c7f-bf69-6d0306cbed68', 'sebas01','1234', 'Sebastián Millán', 'sebastian@gmail.com','334554666', 'https://media.istockphoto.com/id/92044396/es/foto/rana-con-gafas-de-sol.jpg?s=170667a&w=0&k=20&c=jEh4ZMUWU9Y3gx5odmT-LmbCGymtiBVzzEPerkawqm0=', true, true, true, true);
INSERT INTO CLIENTE (id, pin, direccion, cod_postal, poblacion, provincia, puntos) VALUES ('1ce9c1c7-7a02-4c7f-bf69-6d0306cbed68','1111','C/Muhalcen nº43', '44344', 'Bollullos de la Mitación','Sevilla',100);
INSERT INTO USUARIO_ROLES (roles, usuario_id) VALUES (2,'1ce9c1c7-7a02-4c7f-bf69-6d0306cbed68');

INSERT INTO USUARIO (id, username, password, nombre, email, telefono, avatar, account_non_expired, account_non_locked,credentials_non_expired, enabled) VALUES ('1ce9c1c7-7a02-4c7f-bf69-6d0306cbed61', 'fernando01','1234', 'Fernando Claro', 'fernando@gmail.com','112332112', 'https://media.istockphoto.com/id/92044396/es/foto/rana-con-gafas-de-sol.jpg?s=170667a&w=0&k=20&c=jEh4ZMUWU9Y3gx5odmT-LmbCGymtiBVzzEPerkawqm0=', true, true, true, true);
INSERT INTO CLIENTE (id, pin, direccion, cod_postal, poblacion, provincia, puntos) VALUES ('1ce9c1c7-7a02-4c7f-bf69-6d0306cbed61','2222','C/Pajaro nº33', '41414', 'San Juan','Sevilla',200);
INSERT INTO USUARIO_ROLES (roles, usuario_id) VALUES (2,'1ce9c1c7-7a02-4c7f-bf69-6d0306cbed61');

INSERT INTO USUARIO (id, username, password, nombre, email, telefono, avatar, account_non_expired, account_non_locked,credentials_non_expired, enabled) VALUES ('1ce9c1c7-7a02-4c7f-bf69-6d0306cbed22', 'pedro01','1234', 'Pedro Franch', 'pedro@gmail.com','556554222', 'https://media.istockphoto.com/id/92044396/es/foto/rana-con-gafas-de-sol.jpg?s=170667a&w=0&k=20&c=jEh4ZMUWU9Y3gx5odmT-LmbCGymtiBVzzEPerkawqm0=', true, true, true, true);
INSERT INTO CLIENTE (id, pin, direccion, cod_postal, poblacion, provincia, puntos) VALUES ('1ce9c1c7-7a02-4c7f-bf69-6d0306cbed22','333','C/Aviación nºqw', '22333', 'Triana','Sevilla',120);
INSERT INTO USUARIO_ROLES (roles, usuario_id) VALUES (2,'1ce9c1c7-7a02-4c7f-bf69-6d0306cbed22');

INSERT INTO USUARIO (id, username, password, nombre, email, telefono, avatar, account_non_expired, account_non_locked,credentials_non_expired, enabled) VALUES ('95be9812-3bae-43ca-b3bc-31ee702247aa', 'juana01','1234', 'Juan Maria Gonzalez', 'juana@gmail.com','321321321', 'https://media.istockphoto.com/id/92044396/es/foto/rana-con-gafas-de-sol.jpg?s=170667a&w=0&k=20&c=jEh4ZMUWU9Y3gx5odmT-LmbCGymtiBVzzEPerkawqm0=', true, true, true, true);
INSERT INTO CLIENTE (id, pin, direccion, cod_postal, poblacion, provincia, puntos) VALUES ('95be9812-3bae-43ca-b3bc-31ee702247aa','666','C/Maria Aux nº21', '1232', 'Triana','Sevilla',110);
INSERT INTO USUARIO_ROLES (roles, usuario_id) VALUES (2,'95be9812-3bae-43ca-b3bc-31ee702247aa');

INSERT INTO USUARIO (id, username, password, nombre, email, telefono, avatar, account_non_expired, account_non_locked,credentials_non_expired, enabled) VALUES ('95be9812-3bae-43ca-b3bc-31ee702247bb', 'robe01','1234', 'Roberto Ortiz', 'rob@gmail.com','665777999', 'https://media.istockphoto.com/id/92044396/es/foto/rana-con-gafas-de-sol.jpg?s=170667a&w=0&k=20&c=jEh4ZMUWU9Y3gx5odmT-LmbCGymtiBVzzEPerkawqm0=', true, true, true, true);
INSERT INTO CLIENTE (id, pin, direccion, cod_postal, poblacion, provincia, puntos) VALUES ('95be9812-3bae-43ca-b3bc-31ee702247bb','777','C/Juan Maria nº21', '3232', 'Camas','Sevilla',90);
INSERT INTO USUARIO_ROLES (roles, usuario_id) VALUES (2,'95be9812-3bae-43ca-b3bc-31ee702247bb');

INSERT INTO USUARIO (id, username, password, nombre, email, telefono, avatar, account_non_expired, account_non_locked,credentials_non_expired, enabled) VALUES ('95be9812-3bae-43ca-b3bc-31ee702247cc', 'javi01','1234', 'Javi Ortiz', 'javi@gmail.com','555666222', 'https://media.istockphoto.com/id/92044396/es/foto/rana-con-gafas-de-sol.jpg?s=170667a&w=0&k=20&c=jEh4ZMUWU9Y3gx5odmT-LmbCGymtiBVzzEPerkawqm0=', true, true, true, true);
INSERT INTO CLIENTE (id, pin, direccion, cod_postal, poblacion, provincia, puntos) VALUES ('95be9812-3bae-43ca-b3bc-31ee702247cc','555','C/JoseJuan nº12', '67611', 'Tomares','Sevilla',90);
INSERT INTO USUARIO_ROLES (roles, usuario_id) VALUES (2,'95be9812-3bae-43ca-b3bc-31ee702247cc');

INSERT INTO USUARIO (id, username, password, nombre, email, telefono, avatar, account_non_expired, account_non_locked,credentials_non_expired, enabled) VALUES ('95be9812-3bae-43ca-b3bc-31ee702247dd', 'ant01','1234', 'Antonio Abascal', 'antonio@gmail.com','332112879', 'https://media.istockphoto.com/id/92044396/es/foto/rana-con-gafas-de-sol.jpg?s=170667a&w=0&k=20&c=jEh4ZMUWU9Y3gx5odmT-LmbCGymtiBVzzEPerkawqm0=', true, true, true, true);
INSERT INTO CLIENTE (id, pin, direccion, cod_postal, poblacion, provincia, puntos) VALUES ('95be9812-3bae-43ca-b3bc-31ee702247dd','123','C/Arroyo nº23', '445443', 'San Juan','Sevilla',190);
INSERT INTO USUARIO_ROLES (roles, usuario_id) VALUES (2,'95be9812-3bae-43ca-b3bc-31ee702247dd');

INSERT INTO USUARIO (id, username, password, nombre, email, telefono, avatar, account_non_expired, account_non_locked,credentials_non_expired, enabled) VALUES ('95be9812-3bae-43ca-b3bc-31ee702247ee', 'marco01','1234', 'Marco Rubens', 'marco@gmail.com','434434434', 'https://media.istockphoto.com/id/92044396/es/foto/rana-con-gafas-de-sol.jpg?s=170667a&w=0&k=20&c=jEh4ZMUWU9Y3gx5odmT-LmbCGymtiBVzzEPerkawqm0=', true, true, true, true);
INSERT INTO CLIENTE (id, pin, direccion, cod_postal, poblacion, provincia, puntos) VALUES ('95be9812-3bae-43ca-b3bc-31ee702247ee','331','C/Magallanes nº23', '45443', 'Mairena del Aljarafe','Sevilla',145);
INSERT INTO USUARIO_ROLES (roles, usuario_id) VALUES (2,'95be9812-3bae-43ca-b3bc-31ee702247ee');

INSERT INTO USUARIO (id, username, password, nombre, email, telefono, avatar, account_non_expired, account_non_locked,credentials_non_expired, enabled) VALUES ('95be9812-3bae-43ca-b3bc-31ee702247ff', 'cristian01','1234', 'Cristian Ruiz', 'cristian@gmail.com','86857843', 'https://media.istockphoto.com/id/92044396/es/foto/rana-con-gafas-de-sol.jpg?s=170667a&w=0&k=20&c=jEh4ZMUWU9Y3gx5odmT-LmbCGymtiBVzzEPerkawqm0=', true, true, true, true);
INSERT INTO CLIENTE (id, pin, direccion, cod_postal, poblacion, provincia, puntos) VALUES ('95be9812-3bae-43ca-b3bc-31ee702247ff','342','C/Orilluela nº55', '444441', 'Pilas','Sevilla',145);
INSERT INTO USUARIO_ROLES (roles, usuario_id) VALUES (2,'95be9812-3bae-43ca-b3bc-31ee702247ff');

INSERT INTO USUARIO (id, username, password, nombre, email, telefono, avatar, account_non_expired, account_non_locked,credentials_non_expired, enabled) VALUES ('95be9812-3bae-43ca-b3bc-31ee702247gg', 'carlos01','1234', 'Carlos Molina', 'carlos@gmail.com','545222767', 'https://media.istockphoto.com/id/92044396/es/foto/rana-con-gafas-de-sol.jpg?s=170667a&w=0&k=20&c=jEh4ZMUWU9Y3gx5odmT-LmbCGymtiBVzzEPerkawqm0=', true, true, true, true);
INSERT INTO CLIENTE (id, pin, direccion, cod_postal, poblacion, provincia, puntos) VALUES ('95be9812-3bae-43ca-b3bc-31ee702247gg','129','C/Morera nº51', '32132166', 'Valencina','Sevilla',145);
INSERT INTO USUARIO_ROLES (roles, usuario_id) VALUES (2,'95be9812-3bae-43ca-b3bc-31ee702247gg');

INSERT INTO USUARIO (id, username, password, nombre, email, telefono, avatar, account_non_expired, account_non_locked,credentials_non_expired, enabled) VALUES ('95be9812-3bae-43ca-b3bc-31ee702247hh', 'tomas01','1234', 'Tomas Rebolledo', 'tomas@gmail.com','455443128', 'https://media.istockphoto.com/id/92044396/es/foto/rana-con-gafas-de-sol.jpg?s=170667a&w=0&k=20&c=jEh4ZMUWU9Y3gx5odmT-LmbCGymtiBVzzEPerkawqm0=', true, true, true, true);
INSERT INTO CLIENTE (id, pin, direccion, cod_postal, poblacion, provincia, puntos) VALUES ('95be9812-3bae-43ca-b3bc-31ee702247hh','129','C/Nazaret nº51', '1231234', 'Olivares','Sevilla',122);
INSERT INTO USUARIO_ROLES (roles, usuario_id) VALUES (2,'95be9812-3bae-43ca-b3bc-31ee702247hh');

--COCINEROS
INSERT INTO USUARIO (id, username, password, nombre, email, telefono, avatar, account_non_expired, account_non_locked,credentials_non_expired, enabled) VALUES ('1ce9c1c7-7a02-4c7f-bf69-6d0306cbed77', 'luismi01','1234', 'Luis Miguel López', 'lm@gmail.com','443221332', 'https://media.istockphoto.com/id/92044396/es/foto/rana-con-gafas-de-sol.jpg?s=170667a&w=0&k=20&c=jEh4ZMUWU9Y3gx5odmT-LmbCGymtiBVzzEPerkawqm0=', true, true, true, true);
INSERT INTO TRABAJADOR (id, fecha_nacimiento, tipo_trabajador) VALUES ('1ce9c1c7-7a02-4c7f-bf69-6d0306cbed77','1999-06-30',1);
INSERT INTO USUARIO_ROLES (roles, usuario_id) VALUES (1,'1ce9c1c7-7a02-4c7f-bf69-6d0306cbed77');

INSERT INTO USUARIO (id, username, password, nombre, email, telefono, avatar, account_non_expired, account_non_locked,credentials_non_expired, enabled) VALUES ('1ce9c1c7-7a02-4c7f-bf69-6d0306cbe529', 'alvaro01','1234', 'Alvaro López', 'alvaro@gmail.com','878787878', 'https://media.istockphoto.com/id/92044396/es/foto/rana-con-gafas-de-sol.jpg?s=170667a&w=0&k=20&c=jEh4ZMUWU9Y3gx5odmT-LmbCGymtiBVzzEPerkawqm0=', true, true, true, true);
INSERT INTO TRABAJADOR (id, fecha_nacimiento, tipo_trabajador) VALUES ('1ce9c1c7-7a02-4c7f-bf69-6d0306cbe529','1991-03-30',1);
INSERT INTO USUARIO_ROLES (roles, usuario_id) VALUES (1,'1ce9c1c7-7a02-4c7f-bf69-6d0306cbe529');

INSERT INTO USUARIO (id, username, password, nombre, email, telefono, avatar, account_non_expired, account_non_locked,credentials_non_expired, enabled) VALUES ('1ce9c1c7-7a02-4c7f-bf69-6d0306cbe555', 'pepe01','1234', 'Pepe Broncano', 'pepe@gmail.com','123456789', 'https://media.istockphoto.com/id/92044396/es/foto/rana-con-gafas-de-sol.jpg?s=170667a&w=0&k=20&c=jEh4ZMUWU9Y3gx5odmT-LmbCGymtiBVzzEPerkawqm0=', true, true, true, true);
INSERT INTO TRABAJADOR (id, fecha_nacimiento, tipo_trabajador) VALUES ('1ce9c1c7-7a02-4c7f-bf69-6d0306cbe555','1991-02-04',1);
INSERT INTO USUARIO_ROLES (roles, usuario_id) VALUES (1,'1ce9c1c7-7a02-4c7f-bf69-6d0306cbe555');

INSERT INTO USUARIO (id, username, password, nombre, email, telefono, avatar, account_non_expired, account_non_locked,credentials_non_expired, enabled) VALUES ('1ce9c1c7-7a02-4c7f-bf69-6d0306cbeabc', 'josefa01','1234', 'Jose Francisca', 'josefa@gmail.com','65923472', 'https://media.istockphoto.com/id/92044396/es/foto/rana-con-gafas-de-sol.jpg?s=170667a&w=0&k=20&c=jEh4ZMUWU9Y3gx5odmT-LmbCGymtiBVzzEPerkawqm0=', true, true, true, true);
INSERT INTO TRABAJADOR (id, fecha_nacimiento, tipo_trabajador) VALUES ('1ce9c1c7-7a02-4c7f-bf69-6d0306cbeabc','2001-12-14',1);
INSERT INTO USUARIO_ROLES (roles, usuario_id) VALUES (1,'1ce9c1c7-7a02-4c7f-bf69-6d0306cbeabc');

INSERT INTO USUARIO (id, username, password, nombre, email, telefono, avatar, account_non_expired, account_non_locked,credentials_non_expired, enabled) VALUES ('1ce9c1c7-7a02-4c7f-bf69-6d0306cbeabc', 'josefa01','1234', 'Jose Francisca', 'josefa@gmail.com','65923472', 'https://media.istockphoto.com/id/92044396/es/foto/rana-con-gafas-de-sol.jpg?s=170667a&w=0&k=20&c=jEh4ZMUWU9Y3gx5odmT-LmbCGymtiBVzzEPerkawqm0=', true, true, true, true);
INSERT INTO TRABAJADOR (id, fecha_nacimiento, tipo_trabajador) VALUES ('1ce9c1c7-7a02-4c7f-bf69-6d0306cbeabc','2001-12-14',1);
INSERT INTO USUARIO_ROLES (roles, usuario_id) VALUES (1,'1ce9c1c7-7a02-4c7f-bf69-6d0306cbeabc');

INSERT INTO USUARIO (id, username, password, nombre, email, telefono, avatar, account_non_expired, account_non_locked,credentials_non_expired, enabled) VALUES ('1ce9c1c7-7a02-4c7f-bf69-6d0306cbebcd', 'joseca01','1234', 'Jose Carlos Moro', 'joseca@gmail.com','454223010', 'https://media.istockphoto.com/id/92044396/es/foto/rana-con-gafas-de-sol.jpg?s=170667a&w=0&k=20&c=jEh4ZMUWU9Y3gx5odmT-LmbCGymtiBVzzEPerkawqm0=', true, true, true, true);
INSERT INTO TRABAJADOR (id, fecha_nacimiento, tipo_trabajador) VALUES ('1ce9c1c7-7a02-4c7f-bf69-6d0306cbebcd','2000-10-24',1);
INSERT INTO USUARIO_ROLES (roles, usuario_id) VALUES (1,'1ce9c1c7-7a02-4c7f-bf69-6d0306cbebcd');

--REPARTIDORES
INSERT INTO USUARIO (id, username, password, nombre, email, telefono, avatar, account_non_expired, account_non_locked,credentials_non_expired, enabled) VALUES ('1ce9c1c7-7a02-4c7f-bf69-6d0306cbe456', 'miguel01','1234', 'Miguel Campos', 'miguel@gmail.com','443778999', 'https://media.istockphoto.com/id/92044396/es/foto/rana-con-gafas-de-sol.jpg?s=170667a&w=0&k=20&c=jEh4ZMUWU9Y3gx5odmT-LmbCGymtiBVzzEPerkawqm0=', true, true, true, true);
INSERT INTO TRABAJADOR (id, fecha_nacimiento, tipo_trabajador) VALUES ('1ce9c1c7-7a02-4c7f-bf69-6d0306cbe456','1922-10-15',2);
INSERT INTO USUARIO_ROLES (roles, usuario_id) VALUES (1,'1ce9c1c7-7a02-4c7f-bf69-6d0306cbe456');

INSERT INTO USUARIO (id, username, password, nombre, email, telefono, avatar, account_non_expired, account_non_locked,credentials_non_expired, enabled) VALUES ('1ce9c1c7-7a02-4c7f-bf69-6d0306cbe234', 'jose01','1234', 'Jose Manuel Claro Campos', 'jose@gmail.com','889445777', 'https://media.istockphoto.com/id/92044396/es/foto/rana-con-gafas-de-sol.jpg?s=170667a&w=0&k=20&c=jEh4ZMUWU9Y3gx5odmT-LmbCGymtiBVzzEPerkawqm0=', true, true, true, true);
INSERT INTO TRABAJADOR (id, fecha_nacimiento, tipo_trabajador) VALUES ('1ce9c1c7-7a02-4c7f-bf69-6d0306cbe234','1922-02-01',2);
INSERT INTO USUARIO_ROLES (roles, usuario_id) VALUES (1,'1ce9c1c7-7a02-4c7f-bf69-6d0306cbe234');

INSERT INTO USUARIO (id, username, password, nombre, email, telefono, avatar, account_non_expired, account_non_locked,credentials_non_expired, enabled) VALUES ('1ce9c1c7-7a02-4c7f-bf69-6d0306cbed03', 'raul01','1234', 'Raul Mingueza', 'raul@gmail.com','91928372', 'https://media.istockphoto.com/id/92044396/es/foto/rana-con-gafas-de-sol.jpg?s=170667a&w=0&k=20&c=jEh4ZMUWU9Y3gx5odmT-LmbCGymtiBVzzEPerkawqm0=', true, true, true, true);
INSERT INTO TRABAJADOR (id, fecha_nacimiento, tipo_trabajador) VALUES ('1ce9c1c7-7a02-4c7f-bf69-6d0306cbed03','1922-03-20',2);
INSERT INTO USUARIO_ROLES (roles, usuario_id) VALUES (1,'1ce9c1c7-7a02-4c7f-bf69-6d0306cbed03');

INSERT INTO USUARIO (id, username, password, nombre, email, telefono, avatar, account_non_expired, account_non_locked,credentials_non_expired, enabled) VALUES ('1ce9c1c7-7a02-4c7f-bf69-6d0306cbfff', 'maria01','1234', 'Maria Bernal', 'maria@gmail.com','657657888', 'https://media.istockphoto.com/id/92044396/es/foto/rana-con-gafas-de-sol.jpg?s=170667a&w=0&k=20&c=jEh4ZMUWU9Y3gx5odmT-LmbCGymtiBVzzEPerkawqm0=', true, true, true, true);
INSERT INTO TRABAJADOR (id, fecha_nacimiento, tipo_trabajador) VALUES ('1ce9c1c7-7a02-4c7f-bf69-6d0306cbfff','1972-05-22',2);
INSERT INTO USUARIO_ROLES (roles, usuario_id) VALUES (1,'1ce9c1c7-7a02-4c7f-bf69-6d0306cbfff');

INSERT INTO USUARIO (id, username, password, nombre, email, telefono, avatar, account_non_expired, account_non_locked,credentials_non_expired, enabled) VALUES ('1ce9c1c7-7a02-4c7f-bf69-6d0306cbefg', 'cristina01','1234', 'Cristina Torre', 'cristina@gmail.com','9292929291', 'https://media.istockphoto.com/id/92044396/es/foto/rana-con-gafas-de-sol.jpg?s=170667a&w=0&k=20&c=jEh4ZMUWU9Y3gx5odmT-LmbCGymtiBVzzEPerkawqm0=', true, true, true, true);
INSERT INTO TRABAJADOR (id, fecha_nacimiento, tipo_trabajador) VALUES ('1ce9c1c7-7a02-4c7f-bf69-6d0306cbefg','1989-03-13',2);
INSERT INTO USUARIO_ROLES (roles, usuario_id) VALUES (1,'1ce9c1c7-7a02-4c7f-bf69-6d0306cbefg');

--ADMINISTRADORES
INSERT INTO USUARIO (id, username, password, nombre, email, telefono, avatar, account_non_expired, account_non_locked,credentials_non_expired, enabled) VALUES ('1ce9c1c7-7a02-4c7f-bf69-6d0306cbed99', 'angel01','1234', 'Angel', 'angel@gmail.com','333223311', 'https://media.istockphoto.com/id/92044396/es/foto/rana-con-gafas-de-sol.jpg?s=170667a&w=0&k=20&c=jEh4ZMUWU9Y3gx5odmT-LmbCGymtiBVzzEPerkawqm0=', true, true, true, true);
INSERT INTO TRABAJADOR (id, fecha_nacimiento, tipo_trabajador) VALUES ('1ce9c1c7-7a02-4c7f-bf69-6d0306cbed99','1995-11-11',0);
INSERT INTO USUARIO_ROLES (roles, usuario_id) VALUES (0,'1ce9c1c7-7a02-4c7f-bf69-6d0306cbed99');

INSERT INTO USUARIO (id, username, password, nombre, email, telefono, avatar, account_non_expired, account_non_locked,credentials_non_expired, enabled) VALUES ('1ce9c1c7-7a02-4c7f-bf69-6d0306cbe111', 'manolo01','1234', 'Manolo Sanchez', 'manolo@gmail.com','332334111', 'https://media.istockphoto.com/id/92044396/es/foto/rana-con-gafas-de-sol.jpg?s=170667a&w=0&k=20&c=jEh4ZMUWU9Y3gx5odmT-LmbCGymtiBVzzEPerkawqm0=', true, true, true, true);
INSERT INTO TRABAJADOR (id, fecha_nacimiento, tipo_trabajador) VALUES ('1ce9c1c7-7a02-4c7f-bf69-6d0306cbe111','1991-02-12',0);
INSERT INTO USUARIO_ROLES (roles, usuario_id) VALUES (0,'1ce9c1c7-7a02-4c7f-bf69-6d0306cbe111');

INSERT INTO USUARIO (id, username, password, nombre, email, telefono, avatar, account_non_expired, account_non_locked,credentials_non_expired, enabled) VALUES ('1ce9c1c7-7a02-4c7f-bf69-6d0306cbe666', 'ale01','1234', 'Alejandro Pepe', 'ale@gmail.com','556554445', 'https://media.istockphoto.com/id/92044396/es/foto/rana-con-gafas-de-sol.jpg?s=170667a&w=0&k=20&c=jEh4ZMUWU9Y3gx5odmT-LmbCGymtiBVzzEPerkawqm0=', true, true, true, true);
INSERT INTO TRABAJADOR (id, fecha_nacimiento, tipo_trabajador) VALUES ('1ce9c1c7-7a02-4c7f-bf69-6d0306cbe666','1967-03-22',0);
INSERT INTO USUARIO_ROLES (roles, usuario_id) VALUES (0,'1ce9c1c7-7a02-4c7f-bf69-6d0306cbe666');
